id,title,description,availability,condition,price,link,image_link,additional_image_link,brand,google_product_category
W39693,2025 BMW X7,"2025 BMW X7 xDrive40i Sport Utility 4D. 37,128 milhas · 6-CYL, MHEV, TURBO, 3.0 LITER · AWD · AUTOMATIC · cor Gray. Revisado, com garantia de motor e transmissão. Entregamos na porta. Financiamento disponível, sujeito a aprovação de crédito. Estoque W39693. Fale com o Eder no WhatsApp.",in stock,used,71898.00 USD,https://elitemotorsorlandofl.com/?carro=W39693,https://imagescf.dealercenter.net/1024/768/202608-6593aaed338342b3a8f0180cf51bdec3.jpg,"https://imagescf.dealercenter.net/1024/768/202608-fe4137cdd16249d4aed3bce0a75af990.jpg,https://imagescf.dealercenter.net/1024/768/202608-0cc4837a96804b3b9520e2a8eb1cd352.jpg,https://imagescf.dealercenter.net/1024/768/202608-fc551f45f870495f9e22c1f29350745f.jpg,https://imagescf.dealercenter.net/1024/768/202608-121be5a039274b72a74acb9c2704babb.jpg,https://imagescf.dealercenter.net/1024/768/202608-fc5967546cb94c23957cd9f7c9bbbafd.jpg,https://imagescf.dealercenter.net/1024/768/202608-95479d7ef21a4beabf1d39adda923e44.jpg,https://imagescf.dealercenter.net/1024/768/202608-717d8711841947f68cd9b89777c92aa1.jpg,https://imagescf.dealercenter.net/1024/768/202608-528ffddaef584e37bf223c155d701cb7.jpg,https://imagescf.dealercenter.net/1024/768/202608-d3187089b1184a06963b5d9129cc1cb4.jpg",BMW,"Vehicles & Parts > Vehicles > Motor Vehicles > Cars, Trucks & Vans"
403224,2021 Cadillac Escalade ESV,"2021 Cadillac Escalade ESV Premium Luxury Sport Utility 4D. 98,672 milhas · V8, 6.2 LITER · 2WD · AUTOMATIC · cor White. Revisado, com garantia de motor e transmissão. Entregamos na porta. Financiamento disponível, sujeito a aprovação de crédito. Estoque 403224. Fale com o Eder no WhatsApp.",in stock,used,48898.00 USD,https://elitemotorsorlandofl.com/?carro=403224,https://imagescf.dealercenter.net/1024/768/202609-463e92bced464e78aef83816a9f75ced.jpg,"https://imagescf.dealercenter.net/1024/768/202609-7338dce4d5fa45c18eae64747f69cba1.jpg,https://imagescf.dealercenter.net/1024/768/202609-9418be0ade92452ea959237533c418f8.jpg,https://imagescf.dealercenter.net/1024/768/202609-6d53542abe6849f5926faf9a73e75add.jpg,https://imagescf.dealercenter.net/1024/768/202609-40e1be4790444b5c8f193f474c946df5.jpg,https://imagescf.dealercenter.net/1024/768/202609-adc02dd5f14f4fc4b61baa629d6bcbe5.jpg,https://imagescf.dealercenter.net/1024/768/202609-6ec70b6a042540218424c793bfa149b2.jpg,https://imagescf.dealercenter.net/1024/768/202609-2a8e0c0cd6204ad0beeee00c9afada47.jpg,https://imagescf.dealercenter.net/1024/768/202609-fa1d3227276a46d5ad143994d245e096.jpg,https://imagescf.dealercenter.net/1024/768/202609-3784aaebc8e34405ac60094700329314.jpg",Cadillac,"Vehicles & Parts > Vehicles > Motor Vehicles > Cars, Trucks & Vans"
240696,2021 Cadillac Escalade ESV,"2021 Cadillac Escalade ESV Premium Luxury Sport Utility 4D. 127,812 milhas · V8, 6.2 LITER · 4WD · AUTOMATIC · cor Black. Revisado, com garantia de motor e transmissão. Entregamos na porta. Financiamento disponível, sujeito a aprovação de crédito. Estoque 240696. Fale com o Eder no WhatsApp.",in stock,used,44898.00 USD,https://elitemotorsorlandofl.com/?carro=240696,https://imagescf.dealercenter.net/1024/768/202609-6a9f65f43ab948ef8109a90f37a81600.jpg,"https://imagescf.dealercenter.net/1024/768/202609-8de364def90c4505a434f6fe0dc8bdd0.jpg,https://imagescf.dealercenter.net/1024/768/202609-4c05de26119c40f4920782bd6eb1ccff.jpg,https://imagescf.dealercenter.net/1024/768/202609-d2e8b25fb5974607b07fec95d6200c7a.jpg,https://imagescf.dealercenter.net/1024/768/202609-2f5502d08c3b41e98b748dac4018a172.jpg,https://imagescf.dealercenter.net/1024/768/202609-f954c5183a154aa492be2401d7d9fdf2.jpg,https://imagescf.dealercenter.net/1024/768/202609-fb56cad2678a49d69abfada0693c97a6.jpg,https://imagescf.dealercenter.net/1024/768/202609-dda0701e9d6a463191e285298cd880ab.jpg,https://imagescf.dealercenter.net/1024/768/202609-4f81294991f9471590d9e55f5afb6283.jpg,https://imagescf.dealercenter.net/1024/768/202609-48878af617844a899ebf37923981e14a.jpg",Cadillac,"Vehicles & Parts > Vehicles > Motor Vehicles > Cars, Trucks & Vans"
574644,2025 RAM 1500 Crew Cab,"2025 RAM 1500 Crew Cab Laramie Pickup 4D 5 1/2 ft. 49,543 milhas · 6-CYL, HURRICANE, TWIN TURBO, 3.0 LITER · 4WD · AUTOMATIC · cor White. Revisado, com garantia de motor e transmissão. Entregamos na porta. Financiamento disponível, sujeito a aprovação de crédito. Estoque 574644. Fale com o Eder no WhatsApp.",in stock,used,43898.00 USD,https://elitemotorsorlandofl.com/?carro=574644,https://imagescf.dealercenter.net/1024/768/202609-d92ed27dda0c47c397b4ff3389716943.jpg,"https://imagescf.dealercenter.net/1024/768/202609-b4289bc72d334a6f87aec41059395ada.jpg,https://imagescf.dealercenter.net/1024/768/202609-2220f68a060745188405d0abfabc5fd5.jpg,https://imagescf.dealercenter.net/1024/768/202609-12a0e4cf410448b4b339b9d23871940d.jpg,https://imagescf.dealercenter.net/1024/768/202609-b2a0829832fc48d0b6926d66fb590abf.jpg,https://imagescf.dealercenter.net/1024/768/202609-0c993a9184b044fcaebe441e2eca163f.jpg,https://imagescf.dealercenter.net/1024/768/202609-84509f12ca214a5bb24ab3643aa73210.jpg,https://imagescf.dealercenter.net/1024/768/202609-0d76a8b3e6ed4ed88a061b83c89d5bb3.jpg,https://imagescf.dealercenter.net/1024/768/202609-58613b6e5f3845628cbe60eca59dd68c.jpg,https://imagescf.dealercenter.net/1024/768/202609-7a812fa5e064485da7f23275b2d69b77.jpg",RAM,"Vehicles & Parts > Vehicles > Motor Vehicles > Cars, Trucks & Vans"
175265,2024 RAM 3500 Crew Cab & Chassis,"2024 RAM 3500 Crew Cab & Chassis Tradesman Cab & Chassis 4D. 170,238 milhas · 6-CYL, TURBO DIESEL, 6.7 LITER · 4WD · AUTOMATIC · cor White. Revisado, com garantia de motor e transmissão. Entregamos na porta. Financiamento disponível, sujeito a aprovação de crédito. Estoque 175265. Fale com o Eder no WhatsApp.",in stock,used,41898.00 USD,https://elitemotorsorlandofl.com/?carro=175265,https://imagescf.dealercenter.net/1024/768/202609-19d996ae03184e6bb0a54d714fa9616d.jpg,"https://imagescf.dealercenter.net/1024/768/202609-de5ce6613fcf45ae8d2244e14f6819f8.jpg,https://imagescf.dealercenter.net/1024/768/202609-32fcbbf3380840d7a114792fbe94f527.jpg,https://imagescf.dealercenter.net/1024/768/202609-77aa6868490c43ab9e6853be566e4f1d.jpg,https://imagescf.dealercenter.net/1024/768/202609-7d32a49577e5472d9ea0c08881a10d03.jpg,https://imagescf.dealercenter.net/1024/768/202609-9f2472afb18f4ab5a58cc0bfb88ece7c.jpg,https://imagescf.dealercenter.net/1024/768/202609-b14aca74dca14ca8af493c56e37d8ed8.jpg,https://imagescf.dealercenter.net/1024/768/202609-c1867b55e6ba41bd95f79f9aeefb5394.jpg,https://imagescf.dealercenter.net/1024/768/202609-7bdf7e5fda9043548461eb45cfec7915.jpg,https://imagescf.dealercenter.net/1024/768/202609-689f14fa8b214f3982fdebdd679d8d30.jpg",RAM,"Vehicles & Parts > Vehicles > Motor Vehicles > Cars, Trucks & Vans"
105848,2024 RAM 2500 Crew Cab,"2024 RAM 2500 Crew Cab Big Horn Pickup 4D 6 1/3 ft. 71,190 milhas · 6-CYL, TURBO DIESEL, 6.7 LITER · 4WD · AUTOMATIC · cor White. Revisado, com garantia de motor e transmissão. Entregamos na porta. Financiamento disponível, sujeito a aprovação de crédito. Estoque 105848. Fale com o Eder no WhatsApp.",in stock,used,41699.00 USD,https://elitemotorsorlandofl.com/?carro=105848,https://imagescf.dealercenter.net/1024/768/202605-c58419645ec44ed7b64d9a3d97524836.jpg,"https://imagescf.dealercenter.net/1024/768/202605-d812895252594523a7b87a5971e7a171.jpg,https://imagescf.dealercenter.net/1024/768/202605-a8c01b4bd5314e3c99009c86d56fb18d.jpg,https://imagescf.dealercenter.net/1024/768/202605-32f688f3f79b44b9920bb9a0f31403c6.jpg,https://imagescf.dealercenter.net/1024/768/202605-19736acbc07f4616a20b070e8ce63e4c.jpg,https://imagescf.dealercenter.net/1024/768/202605-5196ff3c94464b03a0272cf36c5900bd.jpg,https://imagescf.dealercenter.net/1024/768/202605-b5aa41617bf84eddb90da1f402a52258.jpg,https://imagescf.dealercenter.net/1024/768/202605-a3e069049a9e4404bb7aa94c2f113871.jpg,https://imagescf.dealercenter.net/1024/768/202605-e52a6d84b7394164bcecc24f1bbddbbf.jpg,https://imagescf.dealercenter.net/1024/768/202605-e3d8196b69d3462699d602781bbb79b7.jpg",RAM,"Vehicles & Parts > Vehicles > Motor Vehicles > Cars, Trucks & Vans"
149984,2022 RAM 1500 Crew Cab,"2022 RAM 1500 Crew Cab Rebel Pickup 4D 5 1/2 ft. 88,057 milhas · V8, HEMI, ETORQUE, 5.7 LITER · 4WD · AUTOMATIC · cor Black. Revisado, com garantia de motor e transmissão. Entregamos na porta. Financiamento disponível, sujeito a aprovação de crédito. Estoque 149984. Fale com o Eder no WhatsApp.",in stock,used,38898.00 USD,https://elitemotorsorlandofl.com/?carro=149984,https://imagescf.dealercenter.net/1024/768/202609-2ca2752c558143a8bcae7c400dbe57f1.jpg,"https://imagescf.dealercenter.net/1024/768/202609-a97809e0ada94ba08079504eabf575d9.jpg,https://imagescf.dealercenter.net/1024/768/202609-789b44b4281b4f80899f5c582614d7d1.jpg,https://imagescf.dealercenter.net/1024/768/202609-2143708167e648c0a4ef5a240eaaa7a5.jpg,https://imagescf.dealercenter.net/1024/768/202609-af9355c4ae9b4cb0ba923c12ada62fba.jpg,https://imagescf.dealercenter.net/1024/768/202609-ff4f9c3c91e24335b1e930cbe5cea0e0.jpg,https://imagescf.dealercenter.net/1024/768/202609-afdd615c7bc148638aeb6755ac7576c0.jpg,https://imagescf.dealercenter.net/1024/768/202609-87d1d2917b0d4e5ba395dcb7cd745668.jpg,https://imagescf.dealercenter.net/1024/768/202609-47380aa6ebcc452e9274e8001f287dd8.jpg,https://imagescf.dealercenter.net/1024/768/202609-0cf1494d389f4a049728536a6180f3fb.jpg",RAM,"Vehicles & Parts > Vehicles > Motor Vehicles > Cars, Trucks & Vans"
116523,2022 Chevrolet Silverado 1500 Limited Crew Cab,"2022 Chevrolet Silverado 1500 Limited Crew Cab High Country Pickup 4D 5 3/4 ft. 87,989 milhas · V8, ECOTEC3, DFM, 5.3 LITER · 4WD · AUTOMATIC · cor White. Revisado, com garantia de motor e transmissão. Entregamos na porta. Financiamento disponível, sujeito a aprovação de crédito. Estoque 116523. Fale com o Eder no WhatsApp.",in stock,used,35898.00 USD,https://elitemotorsorlandofl.com/?carro=116523,https://imagescf.dealercenter.net/1024/768/202609-d35ddd05484a411ca5364a7f47572e84.jpg,"https://imagescf.dealercenter.net/1024/768/202609-b3c1584284594cd480d9d132ab7b05c7.jpg,https://imagescf.dealercenter.net/1024/768/202609-ddb3cdd19d634697afcae7872f937007.jpg,https://imagescf.dealercenter.net/1024/768/202609-868bc4ab5a9b454a92e6cc937cb39733.jpg,https://imagescf.dealercenter.net/1024/768/202609-f7882eccc8764d3096771c77c5e48f3a.jpg,https://imagescf.dealercenter.net/1024/768/202609-9cb0b2d530574a65810104d9a12362b7.jpg,https://imagescf.dealercenter.net/1024/768/202609-6eaacf7e830e45e8b0d64a4477f1d557.jpg,https://imagescf.dealercenter.net/1024/768/202609-8d6ea8f21f6b489db814dae7c8efbda4.jpg,https://imagescf.dealercenter.net/1024/768/202609-8225d2755bc34c92a9fcd2ef12a3974f.jpg,https://imagescf.dealercenter.net/1024/768/202609-afcca23c2e4744df9c8268ab85944518.jpg",Chevrolet,"Vehicles & Parts > Vehicles > Motor Vehicles > Cars, Trucks & Vans"
388816,2020 RAM 1500 Crew Cab,"2020 RAM 1500 Crew Cab Laramie Longhorn Pickup 4D 5 1/2 ft. 94,178 milhas · V8, HEMI, ETORQUE, 5.7 LITER · 4WD · AUTOMATIC · cor Black. Revisado, com garantia de motor e transmissão. Entregamos na porta. Financiamento disponível, sujeito a aprovação de crédito. Estoque 388816. Fale com o Eder no WhatsApp.",in stock,used,34898.00 USD,https://elitemotorsorlandofl.com/?carro=388816,https://imagescf.dealercenter.net/1024/768/202609-b7401043c1164656aebd05e2108cd4d7.jpg,"https://imagescf.dealercenter.net/1024/768/202609-b1620daef155498289610ac3a4002317.jpg,https://imagescf.dealercenter.net/1024/768/202609-249feda5762d4ea8abb3e3f6aa4eed0a.jpg,https://imagescf.dealercenter.net/1024/768/202609-9b98b4d7fe3f4c89b44d55685174c66a.jpg,https://imagescf.dealercenter.net/1024/768/202609-50dc7330d2f7453ba4dc15bb90a4aa1b.jpg,https://imagescf.dealercenter.net/1024/768/202609-3e212a890466408b9f377c3f66931ef0.jpg,https://imagescf.dealercenter.net/1024/768/202609-4bac9380a145457780c63357e490afa8.jpg,https://imagescf.dealercenter.net/1024/768/202609-3c9bdcb3da3c4fc9b171514301426481.jpg,https://imagescf.dealercenter.net/1024/768/202609-8ab55cc2bdc3488da066f89b639717b1.jpg,https://imagescf.dealercenter.net/1024/768/202609-c8c83f82fc404a86a22b8a4891dd245f.jpg",RAM,"Vehicles & Parts > Vehicles > Motor Vehicles > Cars, Trucks & Vans"
694508,2021 RAM 1500 Crew Cab,"2021 RAM 1500 Crew Cab Limited Pickup 4D 5 1/2 ft. 90,746 milhas · V8, HEMI, ETORQUE, 5.7 LITER · 4WD · AUTOMATIC · cor White. Revisado, com garantia de motor e transmissão. Entregamos na porta. Financiamento disponível, sujeito a aprovação de crédito. Estoque 694508. Fale com o Eder no WhatsApp.",in stock,used,34898.00 USD,https://elitemotorsorlandofl.com/?carro=694508,https://imagescf.dealercenter.net/1024/768/202607-ccf1f759a1094e65afbb8d8d18720ec5.jpg,"https://imagescf.dealercenter.net/1024/768/202607-f9372f6084574b94909f04218ab43745.jpg,https://imagescf.dealercenter.net/1024/768/202607-2da361723cea4e23b84c7897b2eae087.jpg,https://imagescf.dealercenter.net/1024/768/202607-48caf6ea10ed4ea98fdbbcc60fd5dc0d.jpg,https://imagescf.dealercenter.net/1024/768/202607-97e58073a95147b38ea45d160cd934b1.jpg,https://imagescf.dealercenter.net/1024/768/202607-138942e887cc46baa72510c0b055c73a.jpg,https://imagescf.dealercenter.net/1024/768/202607-e7d0cf79c1fe46cc864fd2b6f73327d1.jpg,https://imagescf.dealercenter.net/1024/768/202607-3a23fdd0eba7462488eb4421d80daea0.jpg,https://imagescf.dealercenter.net/1024/768/202607-83889dfaf7d844fe8e469d2dfe19e99f.jpg,https://imagescf.dealercenter.net/1024/768/202607-4a6bfd7e5c1147bbba35b6e6607678e7.jpg",RAM,"Vehicles & Parts > Vehicles > Motor Vehicles > Cars, Trucks & Vans"
640789,2019 RAM 1500 Crew Cab,"2019 RAM 1500 Crew Cab Laramie Longhorn Pickup 4D 5 1/2 ft. 98,617 milhas · V8, HEMI, ETORQUE, 5.7 LITER · 4WD · AUTOMATIC · cor White. Revisado, com garantia de motor e transmissão. Entregamos na porta. Financiamento disponível, sujeito a aprovação de crédito. Estoque 640789. Fale com o Eder no WhatsApp.",in stock,used,32898.00 USD,https://elitemotorsorlandofl.com/?carro=640789,https://imagescf.dealercenter.net/1024/768/202607-9e0c27ce90534178880a86575bcaf48f.jpg,"https://imagescf.dealercenter.net/1024/768/202607-7c9d8527fc8e4dc18f54a38dc7d3b94c.jpg,https://imagescf.dealercenter.net/1024/768/202607-7211747db2be42ca8190927975b734a7.jpg,https://imagescf.dealercenter.net/1024/768/202607-3dc02414b24f48d08220182a29251a7d.jpg,https://imagescf.dealercenter.net/1024/768/202607-f193bb4d0b9045da93728abbda3796ad.jpg,https://imagescf.dealercenter.net/1024/768/202607-1ee6192f79aa46259da8228ad27595f6.jpg,https://imagescf.dealercenter.net/1024/768/202607-f4005a6ac8df4ba482e6b4d011395d0e.jpg,https://imagescf.dealercenter.net/1024/768/202607-71e6cd98e5d5472eb65a13e08f87a727.jpg,https://imagescf.dealercenter.net/1024/768/202607-90ad88cd3b5246b3bf8158dff62faa67.jpg,https://imagescf.dealercenter.net/1024/768/202607-a896e13642a843ce8bc31d608bb1b86d.jpg",RAM,"Vehicles & Parts > Vehicles > Motor Vehicles > Cars, Trucks & Vans"
639207,2019 RAM 1500 Crew Cab,"2019 RAM 1500 Crew Cab Laramie Longhorn Pickup 4D 6 1/3 ft. 95,063 milhas · V8, HEMI, ETORQUE, 5.7 LITER · 4WD · AUTOMATIC · cor White. Revisado, com garantia de motor e transmissão. Entregamos na porta. Financiamento disponível, sujeito a aprovação de crédito. Estoque 639207. Fale com o Eder no WhatsApp.",in stock,used,32898.00 USD,https://elitemotorsorlandofl.com/?carro=639207,https://imagescf.dealercenter.net/1024/768/202606-e93830f1c1424990b3c9f73d6dbd5db0.jpg,"https://imagescf.dealercenter.net/1024/768/202606-5b6c38a3568f4a78ad9a80d293867d25.jpg,https://imagescf.dealercenter.net/1024/768/202606-b0a8c70a28b1486c94db06963257797e.jpg,https://imagescf.dealercenter.net/1024/768/202606-c06b9ebac30f4c61b7c88db8a3c320a6.jpg,https://imagescf.dealercenter.net/1024/768/202606-88e9adcbd54f4b269276b1b123bacdd9.jpg,https://imagescf.dealercenter.net/1024/768/202606-ed9ec67b7d584f4bbe7d12685a006ba6.jpg,https://imagescf.dealercenter.net/1024/768/202606-569119c9e7c4405c9ead3b45c2cbbecf.jpg",RAM,"Vehicles & Parts > Vehicles > Motor Vehicles > Cars, Trucks & Vans"
133800,2024 Chevrolet Colorado Crew Cab,"2024 Chevrolet Colorado Crew Cab Work Truck Pickup 4D 5 ft. 47,301 milhas · 4-CYL, TURBOMAX, 2.7 LITER · 4WD · AUTOMATIC · cor White. Revisado, com garantia de motor e transmissão. Entregamos na porta. Financiamento disponível, sujeito a aprovação de crédito. Estoque 133800. Fale com o Eder no WhatsApp.",in stock,used,30898.00 USD,https://elitemotorsorlandofl.com/?carro=133800,https://imagescf.dealercenter.net/1024/768/202609-6c0cbd209509439ba8d29eca074372ca.jpg,"https://imagescf.dealercenter.net/1024/768/202609-8f0c1e0ea7914be28c02ce4ae2536b8d.jpg,https://imagescf.dealercenter.net/1024/768/202609-95ef13409b6b4231bb10c86159e1aa8d.jpg,https://imagescf.dealercenter.net/1024/768/202609-e224d25cd0e84eaf9001d53baafef4a4.jpg,https://imagescf.dealercenter.net/1024/768/202609-7a043eb93e7a4995b43fe8bf44b5e8a9.jpg,https://imagescf.dealercenter.net/1024/768/202609-d73c7bef68e0431dac5de77e5fc04c60.jpg,https://imagescf.dealercenter.net/1024/768/202609-0173c75d6a934c698f3230b6ca4ce28e.jpg,https://imagescf.dealercenter.net/1024/768/202609-e1678c337a83451a8361f6196cdf6be7.jpg,https://imagescf.dealercenter.net/1024/768/202609-d908bcc9062a42ccb9690a6ab424db71.jpg,https://imagescf.dealercenter.net/1024/768/202609-8588b2bb8d934f7b9a95b0fffbc6910c.jpg",Chevrolet,"Vehicles & Parts > Vehicles > Motor Vehicles > Cars, Trucks & Vans"
839078,2019 RAM 1500 Crew Cab,"2019 RAM 1500 Crew Cab Rebel Pickup 4D 5 1/2 ft. 127,914 milhas · V8, HEMI, 5.7 LITER · 4WD · AUTOMATIC · cor Red. Revisado, com garantia de motor e transmissão. Entregamos na porta. Financiamento disponível, sujeito a aprovação de crédito. Estoque 839078. Fale com o Eder no WhatsApp.",in stock,used,28898.00 USD,https://elitemotorsorlandofl.com/?carro=839078,https://imagescf.dealercenter.net/1024/768/202609-49b5851126dc4137ae7539586f45a920.jpg,"https://imagescf.dealercenter.net/1024/768/202609-a1bf39bc264a4170b5a05a32caae1cbf.jpg,https://imagescf.dealercenter.net/1024/768/202609-9817a703c47e4a819c4905fe063ff8ed.jpg,https://imagescf.dealercenter.net/1024/768/202609-cc87c60a995c494f9e81e248e9412c7b.jpg,https://imagescf.dealercenter.net/1024/768/202609-b2af68d126ac486caa2d147503e9f6b6.jpg,https://imagescf.dealercenter.net/1024/768/202609-b8b30657425544e387383be4dd6c01ec.jpg,https://imagescf.dealercenter.net/1024/768/202609-360f13b495354df1bb1a5112d3bd0044.jpg,https://imagescf.dealercenter.net/1024/768/202609-79e5ca948bd644748b26bee7c209d9a7.jpg,https://imagescf.dealercenter.net/1024/768/202609-33e521307582400d9ed8deaa361ea0f2.jpg,https://imagescf.dealercenter.net/1024/768/202609-f20a0659a3654048ba5f812b16ab6903.jpg",RAM,"Vehicles & Parts > Vehicles > Motor Vehicles > Cars, Trucks & Vans"
655489,2021 RAM 1500 Crew Cab,"2021 RAM 1500 Crew Cab Rebel Pickup 4D 5 1/2 ft. 148,610 milhas · V8, HEMI, ETORQUE, 5.7 LITER · 4WD · AUTOMATIC · cor Black. Revisado, com garantia de motor e transmissão. Entregamos na porta. Financiamento disponível, sujeito a aprovação de crédito. Estoque 655489. Fale com o Eder no WhatsApp.",in stock,used,27898.00 USD,https://elitemotorsorlandofl.com/?carro=655489,https://imagescf.dealercenter.net/1024/768/202609-75322931838143b6b77de83d63379cef.jpg,"https://imagescf.dealercenter.net/1024/768/202609-fcf6dbda116a43c5a13bd8bfc6645181.jpg,https://imagescf.dealercenter.net/1024/768/202609-81537f24af7c46beb0756671fd9a7ce2.jpg,https://imagescf.dealercenter.net/1024/768/202609-591a2baaa3ec4a6db069a9e619835ee7.jpg,https://imagescf.dealercenter.net/1024/768/202609-bcfd81395ca744ea9cda50036fc36d61.jpg,https://imagescf.dealercenter.net/1024/768/202609-1fac99ea29464354a7cf9259563b16b8.jpg,https://imagescf.dealercenter.net/1024/768/202609-a22e40799c3148a899742978665c87f6.jpg,https://imagescf.dealercenter.net/1024/768/202609-748f41dec195486c908d68d930acabf7.jpg,https://imagescf.dealercenter.net/1024/768/202609-a35e18f7d48d4961a1ca3c99030cdc18.jpg,https://imagescf.dealercenter.net/1024/768/202609-66926ca61a4f4cf4b0c7cb5e3e2dc953.jpg",RAM,"Vehicles & Parts > Vehicles > Motor Vehicles > Cars, Trucks & Vans"
545526,2023 RAM 1500 Crew Cab,"2023 RAM 1500 Crew Cab Big Horn Pickup 4D 5 1/2 ft. 104,553 milhas · V8, HEMI, ETORQUE, 5.7 LITER · 2WD · AUTOMATIC · cor Silver. Revisado, com garantia de motor e transmissão. Entregamos na porta. Financiamento disponível, sujeito a aprovação de crédito. Estoque 545526. Fale com o Eder no WhatsApp.",in stock,used,27898.00 USD,https://elitemotorsorlandofl.com/?carro=545526,https://imagescf.dealercenter.net/1024/768/202607-a1d41077e88e40fe87a61a05c4601c7f.jpg,"https://imagescf.dealercenter.net/1024/768/202607-8c8e2ce6bbcb46d5b1d8c2231f7952e4.jpg,https://imagescf.dealercenter.net/1024/768/202607-c9892cb4b7f9415a9bf5cf60a8757de8.jpg,https://imagescf.dealercenter.net/1024/768/202607-78aafe612f404ca6977e84844b31b8ac.jpg,https://imagescf.dealercenter.net/1024/768/202607-42c8a81e36a1417f8b54ffb4dfb811a2.jpg,https://imagescf.dealercenter.net/1024/768/202607-83372b3d51624956ad8e2af24795f625.jpg,https://imagescf.dealercenter.net/1024/768/202607-e9d317ba116d4acdbccc02efcec51a5d.jpg,https://imagescf.dealercenter.net/1024/768/202607-c770a17b10c74ccaa064fe4c573bd115.jpg,https://imagescf.dealercenter.net/1024/768/202607-65e098d88b45453fb11df7f9ef6e46f8.jpg,https://imagescf.dealercenter.net/1024/768/202607-c823e54b49c948df801a301191f7988e.jpg",RAM,"Vehicles & Parts > Vehicles > Motor Vehicles > Cars, Trucks & Vans"
A60982,2021 Ford Transit 350 Cargo Van,"2021 Ford Transit 350 Cargo Van Extended Length High Roof Van 3D. 101,250 milhas · V6, FLEX FUEL, 3.5 LITER · RWD · AUTOMATIC · cor White. Revisado, com garantia de motor e transmissão. Entregamos na porta. Financiamento disponível, sujeito a aprovação de crédito. Estoque A60982. Fale com o Eder no WhatsApp.",in stock,used,26898.00 USD,https://elitemotorsorlandofl.com/?carro=A60982,https://imagescf.dealercenter.net/1024/768/202608-a24bcb1bc5aa4c03ad20e01ce8f4cea4.jpg,"https://imagescf.dealercenter.net/1024/768/202608-498cfc7f0be24c17ad1c7646b0f0613c.jpg,https://imagescf.dealercenter.net/1024/768/202608-9731574864ac4702af1a0bd64c2cd109.jpg,https://imagescf.dealercenter.net/1024/768/202608-7cd48d34a42b48038a9fba94dcb5bc1c.jpg,https://imagescf.dealercenter.net/1024/768/202608-0ba827b5ca4946fd8410aeda99891479.jpg,https://imagescf.dealercenter.net/1024/768/202608-8392c80ea20d4dc29a8942da90dcc025.jpg,https://imagescf.dealercenter.net/1024/768/202608-b5f8b870e73b4b0db865e821d964171e.jpg,https://imagescf.dealercenter.net/1024/768/202608-93495cfd91b247bbaa61392079ecb2ab.jpg,https://imagescf.dealercenter.net/1024/768/202608-ba870344619b410689d4e37ed0172dfd.jpg",Ford,"Vehicles & Parts > Vehicles > Motor Vehicles > Cars, Trucks & Vans"
E75243,2022 Ford F150 Supercrew Cab,"2022 Ford F150 Supercrew Cab XLT Pickup 4D 5 1/2 ft. 100,474 milhas · V6, ECOBOOST, TWIN TURBO, 2.7 LITER · 2WD · AUTOMATIC · cor Gray. Revisado, com garantia de motor e transmissão. Entregamos na porta. Financiamento disponível, sujeito a aprovação de crédito. Estoque E75243. Fale com o Eder no WhatsApp.",in stock,used,26898.00 USD,https://elitemotorsorlandofl.com/?carro=E75243,https://imagescf.dealercenter.net/1024/768/202609-44949b6b55354147ae00257e9c7472ce.jpg,"https://imagescf.dealercenter.net/1024/768/202609-709ae83a40d44995a898d8b99847e258.jpg,https://imagescf.dealercenter.net/1024/768/202609-1003fab754b64fdba7a23ec57a144261.jpg,https://imagescf.dealercenter.net/1024/768/202609-607f29b871c342acad618431f9ca61b6.jpg,https://imagescf.dealercenter.net/1024/768/202609-1ded11ee18d9488293228c8d41330516.jpg,https://imagescf.dealercenter.net/1024/768/202609-a0eaa6cf489c445aafe6c99a72f93559.jpg,https://imagescf.dealercenter.net/1024/768/202609-c0e79cfdc41b4980b3797e23dc3e1ba7.jpg,https://imagescf.dealercenter.net/1024/768/202609-c3b558847cc145d7b8df76af79a9283a.jpg,https://imagescf.dealercenter.net/1024/768/202609-f7c694d49f4f4693baaad3d64d85218c.jpg,https://imagescf.dealercenter.net/1024/768/202609-1202048b010547d1ae09b0e93d5d0e7e.jpg",Ford,"Vehicles & Parts > Vehicles > Motor Vehicles > Cars, Trucks & Vans"
3C6URVJG3LE108051,2020 RAM Promaster Cargo Van,"2020 RAM Promaster Cargo Van 3500 High Roof Extended Van 3D. 89,199 milhas · V6, VVT, 3.6 LITER · FWD · AUTOMATIC · cor Blue. Revisado, com garantia de motor e transmissão. Entregamos na porta. Financiamento disponível, sujeito a aprovação de crédito. Estoque 3C6URVJG3LE108051. Fale com o Eder no WhatsApp.",in stock,used,25898.00 USD,https://elitemotorsorlandofl.com/?carro=3C6URVJG3LE108051,https://imagescf.dealercenter.net/1024/768/202512-a7d66eb3e9004306b6c2f7c89533ae13.jpg,"https://imagescf.dealercenter.net/1024/768/202608-fb3643abc8c04ce388c4e43bcfa7cea9.jpg,https://imagescf.dealercenter.net/1024/768/202608-a24bcb1bc5aa4c03ad20e01ce8f4cea4.jpg,https://imagescf.dealercenter.net/1024/768/202609-960f16b251e3432d8969a312a695d6bf.jpg,https://imagescf.dealercenter.net/1024/768/202603-0d57422c3f5449b9b1496b5f16b210e1.jpg",RAM,"Vehicles & Parts > Vehicles > Motor Vehicles > Cars, Trucks & Vans"
R551816,2019 RAM Promaster Cargo Van,"2019 RAM Promaster Cargo Van 3500 High Roof Extended Van 3D. 69,871 milhas · V6, VVT, 3.6 LITER · FWD · AUTOMATIC · cor Blue. Revisado, com garantia de motor e transmissão. Entregamos na porta. Financiamento disponível, sujeito a aprovação de crédito. Estoque R551816. Fale com o Eder no WhatsApp.",in stock,used,24898.00 USD,https://elitemotorsorlandofl.com/?carro=R551816,https://imagescf.dealercenter.net/1024/768/202603-0d57422c3f5449b9b1496b5f16b210e1.jpg,"https://imagescf.dealercenter.net/1024/768/202606-5b266363b07a4565946b29b16a1deb27.jpg,https://imagescf.dealercenter.net/1024/768/202606-634f0ef8c5204b9194c228a479b051e5.jpg,https://imagescf.dealercenter.net/1024/768/202603-e97f44fd0525492096a74a3fe2d92fde.jpg,https://imagescf.dealercenter.net/1024/768/202603-7a2898220b9d4cd2bc4fdfd10cccc507.jpg,https://imagescf.dealercenter.net/1024/768/202603-2c3aa9c752564e139d0b6ea924b7cde3.jpg,https://imagescf.dealercenter.net/1024/768/202603-06e7b4c314ea4b93a0b990c4f27c2783.jpg,https://imagescf.dealercenter.net/1024/768/202603-f652e08de0ef4484bf373214e096d2cb.jpg,https://imagescf.dealercenter.net/1024/768/202603-7aba31fe28db477e89047b4b1a1e576f.jpg,https://imagescf.dealercenter.net/1024/768/202603-65d8f068d515447cb988b648183b47e2.jpg",RAM,"Vehicles & Parts > Vehicles > Motor Vehicles > Cars, Trucks & Vans"
503644,2021 RAM Promaster Cargo Van,"2021 RAM Promaster Cargo Van 3500 High Roof Extended Van 3D. 73,934 milhas · V6, VVT, 3.6 LITER · FWD · AUTOMATIC · cor Blue. Revisado, com garantia de motor e transmissão. Entregamos na porta. Financiamento disponível, sujeito a aprovação de crédito. Estoque 503644. Fale com o Eder no WhatsApp.",in stock,used,23898.00 USD,https://elitemotorsorlandofl.com/?carro=503644,https://imagescf.dealercenter.net/1024/768/202609-960f16b251e3432d8969a312a695d6bf.jpg,"https://imagescf.dealercenter.net/1024/768/202609-358c6bfd52f94ab3896c94bec8bc8308.jpg,https://imagescf.dealercenter.net/1024/768/202609-564f3a6ef6d14afbab25f0ce1f395767.jpg,https://imagescf.dealercenter.net/1024/768/202609-87bdc3aa4bf5456fab0044efc1267eb4.jpg,https://imagescf.dealercenter.net/1024/768/202609-434c11e03876420bb06d2839a084facf.jpg,https://imagescf.dealercenter.net/1024/768/202609-85082f2b48c34773989950e7a3af6d03.jpg,https://imagescf.dealercenter.net/1024/768/202609-2d3c0fc01c11452dae87a1fb3cd5f13c.jpg,https://imagescf.dealercenter.net/1024/768/202609-89db4e7ffb424cb0acbe40ca13726b67.jpg,https://imagescf.dealercenter.net/1024/768/202609-ed77613fa1354a689159a5e8072d4449.jpg,https://imagescf.dealercenter.net/1024/768/202609-0e4613b2ff484da494f65484fd8b6991.jpg",RAM,"Vehicles & Parts > Vehicles > Motor Vehicles > Cars, Trucks & Vans"
B78580,2019 Ford Transit 250 Van,"2019 Ford Transit 250 Van Extended Length High Roof w/sliding Side Door w/lwb Van 3D. 153,621 milhas · V6, FLEX FUEL, 3.7 LITER · RWD · AUTOMATIC · cor Blue. Revisado, com garantia de motor e transmissão. Entregamos na porta. Financiamento disponível, sujeito a aprovação de crédito. Estoque B78580. Fale com o Eder no WhatsApp.",in stock,used,22898.00 USD,https://elitemotorsorlandofl.com/?carro=B78580,https://imagescf.dealercenter.net/1024/768/202608-fb3643abc8c04ce388c4e43bcfa7cea9.jpg,"https://imagescf.dealercenter.net/1024/768/202608-17bfb67df55b4f53b2976082c70e5dd7.jpg,https://imagescf.dealercenter.net/1024/768/202608-87fb2bb4e23449068955eb625b4615b5.jpg,https://imagescf.dealercenter.net/1024/768/202608-bf49e0caa4334f59aef5d639e1eac868.jpg,https://imagescf.dealercenter.net/1024/768/202608-c6bee865137a474da73f4ab1182d815f.jpg,https://imagescf.dealercenter.net/1024/768/202608-51eb73188c0740bbab6cefe019a34015.jpg,https://imagescf.dealercenter.net/1024/768/202608-a161edb02607489daa6e67644538f4da.jpg,https://imagescf.dealercenter.net/1024/768/202608-72b32785f3ba47bea691bb3f32174b64.jpg,https://imagescf.dealercenter.net/1024/768/202608-cd0c764b94614f4e84487cd26da1a512.jpg,https://imagescf.dealercenter.net/1024/768/202608-3bda5ee8a2e841f598ea51fb1915d3eb.jpg",Ford,"Vehicles & Parts > Vehicles > Motor Vehicles > Cars, Trucks & Vans"
197473,2020 GMC Yukon XL,"2020 GMC Yukon XL Denali Sport Utility 4D. 132,426 milhas · V8, ECOTEC3, 6.2 LITER · 4WD · AUTOMATIC · cor Silver. Revisado, com garantia de motor e transmissão. Entregamos na porta. Financiamento disponível, sujeito a aprovação de crédito. Estoque 197473. Fale com o Eder no WhatsApp.",in stock,used,22898.00 USD,https://elitemotorsorlandofl.com/?carro=197473,https://imagescf.dealercenter.net/1024/768/202606-828e75731c7b4480a423e4cf9f60f70b.jpg,"https://imagescf.dealercenter.net/1024/768/202606-fe09bbe83e70493494ec99b652c9d2da.jpg,https://imagescf.dealercenter.net/1024/768/202606-1037197c1fd14389a5e16318b1773569.jpg,https://imagescf.dealercenter.net/1024/768/202606-bbbc8d3af18d4c4b933310188279e776.jpg,https://imagescf.dealercenter.net/1024/768/202606-255bf39c976840feab84ea3a6eba5a58.jpg,https://imagescf.dealercenter.net/1024/768/202606-4b3a2131baaa43e5b48da35551c3efca.jpg,https://imagescf.dealercenter.net/1024/768/202606-3f412b081a4240e6858a3142e8d9279a.jpg,https://imagescf.dealercenter.net/1024/768/202606-e6737c314e744b20a1db02013279b268.jpg,https://imagescf.dealercenter.net/1024/768/202606-3114c785ee8748c592cd901f6fbd61d5.jpg,https://imagescf.dealercenter.net/1024/768/202606-7846ab889390419ea76f983d298e549a.jpg",GMC,"Vehicles & Parts > Vehicles > Motor Vehicles > Cars, Trucks & Vans"
631630,2021 RAM 1500 Crew Cab,"2021 RAM 1500 Crew Cab Big Horn Pickup 4D 5 1/2 ft. 123,475 milhas · V8, HEMI, ETORQUE, 5.7 LITER · 2WD · AUTOMATIC · cor White. Revisado, com garantia de motor e transmissão. Entregamos na porta. Financiamento disponível, sujeito a aprovação de crédito. Estoque 631630. Fale com o Eder no WhatsApp.",in stock,used,21898.00 USD,https://elitemotorsorlandofl.com/?carro=631630,https://imagescf.dealercenter.net/1024/768/202607-df05f994ea8043dbbe70f1af6aa2cf63.jpg,"https://imagescf.dealercenter.net/1024/768/202607-fb8d64abb51b45b498911a7e3031de59.jpg,https://imagescf.dealercenter.net/1024/768/202607-88d95fe02f744f9490d41fac113806f4.jpg,https://imagescf.dealercenter.net/1024/768/202607-00aabd58cf7645a39a6c3be9a2c7571d.jpg,https://imagescf.dealercenter.net/1024/768/202607-33d79043804e4e159311ef3686a42ec6.jpg,https://imagescf.dealercenter.net/1024/768/202607-38b60e89a57c4143994d5b3a25b01f06.jpg,https://imagescf.dealercenter.net/1024/768/202607-60cbde1d686843728968468f3c7d3317.jpg,https://imagescf.dealercenter.net/1024/768/202607-763d32ad5dd5419cbd0d0aa9e5810a32.jpg,https://imagescf.dealercenter.net/1024/768/202607-6c02b0f48910473687bd295b45748a24.jpg,https://imagescf.dealercenter.net/1024/768/202607-5c36f1020d97425784f71f6ea8a2e789.jpg",RAM,"Vehicles & Parts > Vehicles > Motor Vehicles > Cars, Trucks & Vans"
104523,2020 Hyundai Palisade,"2020 Hyundai Palisade Limited Sport Utility 4D. 107,733 milhas · V6, GDI, 3.8 LITER · AWD · AUTOMATIC · cor Gray. Revisado, com garantia de motor e transmissão. Entregamos na porta. Financiamento disponível, sujeito a aprovação de crédito. Estoque 104523. Fale com o Eder no WhatsApp.",in stock,used,20898.00 USD,https://elitemotorsorlandofl.com/?carro=104523,https://imagescf.dealercenter.net/1024/768/202606-e9d0fc6273e64041a5d0faa63f7ebe94.jpg,"https://imagescf.dealercenter.net/1024/768/202606-1180bbad802e4bfbb6366eefcab9229f.jpg,https://imagescf.dealercenter.net/1024/768/202606-0f1d2753b3d2480abbb980e17a876d26.jpg,https://imagescf.dealercenter.net/1024/768/202606-a9da2ba545a54960a0fd821a2e1d1fee.jpg,https://imagescf.dealercenter.net/1024/768/202606-74b47959fa8340aeb0de24492c4c6a83.jpg,https://imagescf.dealercenter.net/1024/768/202606-c77ccb741eb14d96ae642328aa891df9.jpg,https://imagescf.dealercenter.net/1024/768/202606-ee8cdf4488564b45a1d3b124c8bcc238.jpg,https://imagescf.dealercenter.net/1024/768/202606-5b90446a68f042ba8da423e7b7d60b9c.jpg,https://imagescf.dealercenter.net/1024/768/202606-2cea64bcd7c0449bb387526472784555.jpg,https://imagescf.dealercenter.net/1024/768/202606-1f7c2128de7b4b768447f8c1e464dc11.jpg",Hyundai,"Vehicles & Parts > Vehicles > Motor Vehicles > Cars, Trucks & Vans"
1C6RR7YT3HS719500,2017 RAM 1500 Crew Cab,"2017 RAM 1500 Crew Cab Rebel Pickup 4D 5 1/2 ft. 164,120 milhas · V8, HEMI, 5.7 LITER · 4WD · AUTOMATIC · cor Black. Revisado, com garantia de motor e transmissão. Entregamos na porta. Financiamento disponível, sujeito a aprovação de crédito. Estoque 1C6RR7YT3HS719500. Fale com o Eder no WhatsApp.",in stock,used,18898.00 USD,https://elitemotorsorlandofl.com/?carro=1C6RR7YT3HS719500,https://imagescf.dealercenter.net/1024/768/202608-c37444f2a579482aa5321afde5fd580d.jpg,"https://imagescf.dealercenter.net/1024/768/202607-df05f994ea8043dbbe70f1af6aa2cf63.jpg,https://imagescf.dealercenter.net/1024/768/202609-d92ed27dda0c47c397b4ff3389716943.jpg,https://imagescf.dealercenter.net/1024/768/202607-ccf1f759a1094e65afbb8d8d18720ec5.jpg,https://imagescf.dealercenter.net/1024/768/202607-9e0c27ce90534178880a86575bcaf48f.jpg,https://imagescf.dealercenter.net/1024/768/202609-b7401043c1164656aebd05e2108cd4d7.jpg,https://imagescf.dealercenter.net/1024/768/202607-a1d41077e88e40fe87a61a05c4601c7f.jpg,https://imagescf.dealercenter.net/1024/768/202609-75322931838143b6b77de83d63379cef.jpg,https://imagescf.dealercenter.net/1024/768/202609-49b5851126dc4137ae7539586f45a920.jpg,https://imagescf.dealercenter.net/1024/768/202609-fedfb6df5f6c4a33a18483018964e1a2.jpg",RAM,"Vehicles & Parts > Vehicles > Motor Vehicles > Cars, Trucks & Vans"
690974,2019 RAM 1500 Classic Crew Cab,"2019 RAM 1500 Classic Crew Cab Tradesman Pickup 4D 5 1/2 ft. 136,473 milhas · V8, HEMI, 5.7 LITER · 4WD · AUTOMATIC · cor Gray. Revisado, com garantia de motor e transmissão. Entregamos na porta. Financiamento disponível, sujeito a aprovação de crédito. Estoque 690974. Fale com o Eder no WhatsApp.",in stock,used,15898.00 USD,https://elitemotorsorlandofl.com/?carro=690974,https://imagescf.dealercenter.net/1024/768/202608-fd8a7d9bd2fd4c799dd85d9ba0ca6000.jpg,"https://imagescf.dealercenter.net/1024/768/202608-277b9f842df14d85b3ea23c5674bb17e.jpg,https://imagescf.dealercenter.net/1024/768/202608-5aec00bc89d549c380d9d21a53d6fe9b.jpg,https://imagescf.dealercenter.net/1024/768/202608-9596d99fdbca457ab56c1d05fa6fc988.jpg,https://imagescf.dealercenter.net/1024/768/202608-e48789b9aabf4a24a18057ac054ad1b7.jpg,https://imagescf.dealercenter.net/1024/768/202608-e008e9539fb54ac2978d7af3db98db35.jpg,https://imagescf.dealercenter.net/1024/768/202608-dc705c856dd14ae2bd4e370aed0d5c0c.jpg,https://imagescf.dealercenter.net/1024/768/202608-ce03e14875b54b33b787928e86d1ef22.jpg,https://imagescf.dealercenter.net/1024/768/202608-b3acf2a0c3dd448c82c587953b3a0157.jpg,https://imagescf.dealercenter.net/1024/768/202608-ff18f6d066294eb585ecdeb7e49cf98f.jpg",RAM,"Vehicles & Parts > Vehicles > Motor Vehicles > Cars, Trucks & Vans"
337125,2023 Volkswagen Taos,"2023 Volkswagen Taos S Sport Utility 4D. 70,788 milhas · 4-CYL, TURBO, 1.5 LITER · FWD · AUTOMATIC · cor Gray. Revisado, com garantia de motor e transmissão. Entregamos na porta. Financiamento disponível, sujeito a aprovação de crédito. Estoque 337125. Fale com o Eder no WhatsApp.",in stock,used,15898.00 USD,https://elitemotorsorlandofl.com/?carro=337125,https://imagescf.dealercenter.net/1024/768/202609-7eadbddebb904656b8e063aeecf67a53.jpg,"https://imagescf.dealercenter.net/1024/768/202609-6ad0852867554d85b3fdbd9b0f83a26c.jpg,https://imagescf.dealercenter.net/1024/768/202609-2c3b6fcfc0df4371842a7f9f7f151d1c.jpg,https://imagescf.dealercenter.net/1024/768/202609-42ec1ded5d7d4d6b9de2481f0d5430fe.jpg,https://imagescf.dealercenter.net/1024/768/202609-f85fc01724174502830d47cf9d1fbb13.jpg,https://imagescf.dealercenter.net/1024/768/202609-7668bfa052bb459d9769060e7aa6f35e.jpg,https://imagescf.dealercenter.net/1024/768/202609-ab4d50e674604f37b2fc31c1045047e0.jpg,https://imagescf.dealercenter.net/1024/768/202609-7524be3fab784425bf56c96ad0088f99.jpg,https://imagescf.dealercenter.net/1024/768/202609-ee95002e67f04539919e7b2240ee5bec.jpg,https://imagescf.dealercenter.net/1024/768/202609-8e4443d2298745b18843d05d61a337d4.jpg",Volkswagen,"Vehicles & Parts > Vehicles > Motor Vehicles > Cars, Trucks & Vans"
545931,2019 Volkswagen Atlas,"2019 Volkswagen Atlas SEL Premium 4MOTION Sport Utility 4D. 91,154 milhas · V6, 3.6 LITER · AWD · AUTOMATIC · cor Blue. Revisado, com garantia de motor e transmissão. Entregamos na porta. Financiamento disponível, sujeito a aprovação de crédito. Estoque 545931. Fale com o Eder no WhatsApp.",in stock,used,15898.00 USD,https://elitemotorsorlandofl.com/?carro=545931,https://imagescf.dealercenter.net/1024/768/202609-51f0531bfbf840858d2605355f46b984.jpg,"https://imagescf.dealercenter.net/1024/768/202609-25d21eccad024f429804b815ba873f00.jpg,https://imagescf.dealercenter.net/1024/768/202609-2c32419e35a74a998f8181fa0954c20d.jpg,https://imagescf.dealercenter.net/1024/768/202609-f56c499c47e842ac84583bb094f79e07.jpg,https://imagescf.dealercenter.net/1024/768/202609-1999500024144de382ea132910260101.jpg,https://imagescf.dealercenter.net/1024/768/202609-fe53403a77ee43cdae892da2b86503f6.jpg,https://imagescf.dealercenter.net/1024/768/202609-c48804dc07c24d879906ae6e20e523ac.jpg,https://imagescf.dealercenter.net/1024/768/202609-49f60a24ce9546998e1683fed10e26d3.jpg,https://imagescf.dealercenter.net/1024/768/202609-79ca49ba1998480e833f66b9d3176046.jpg,https://imagescf.dealercenter.net/1024/768/202609-2bca62829ec949fe860b0e883370cc34.jpg",Volkswagen,"Vehicles & Parts > Vehicles > Motor Vehicles > Cars, Trucks & Vans"
863226,2025 Hyundai Elantra,"2025 Hyundai Elantra SE Sedan 4D. 96,713 milhas · 4-CYL, 2.0 LITER · FWD · AUTOMATIC · cor Gray. Revisado, com garantia de motor e transmissão. Entregamos na porta. Financiamento disponível, sujeito a aprovação de crédito. Estoque 863226. Fale com o Eder no WhatsApp.",in stock,used,15699.00 USD,https://elitemotorsorlandofl.com/?carro=863226,https://imagescf.dealercenter.net/1024/768/202609-ebdc21e07002435dad4417052a31fd80.jpg,"https://imagescf.dealercenter.net/1024/768/202609-723a348fb08d4b78b941cff3677bbdb1.jpg,https://imagescf.dealercenter.net/1024/768/202609-8d68efdc1f50423b8267449f66ec3da5.jpg,https://imagescf.dealercenter.net/1024/768/202609-dde7a02d9af24a66a8e115da6d2ca22b.jpg,https://imagescf.dealercenter.net/1024/768/202609-2b75bf54f5624fe99852f704c6bbc449.jpg,https://imagescf.dealercenter.net/1024/768/202609-c51972f3573741ea8d3125fbf160875f.jpg,https://imagescf.dealercenter.net/1024/768/202609-4243f29a560147ea900da5dd565a24b3.jpg,https://imagescf.dealercenter.net/1024/768/202609-e6c1da7ab6274c43926b0314225fd381.jpg,https://imagescf.dealercenter.net/1024/768/202609-14c79e897e29426187bb189d0ccedb6e.jpg,https://imagescf.dealercenter.net/1024/768/202609-2c50198219d149b7b02662c0393116fb.jpg",Hyundai,"Vehicles & Parts > Vehicles > Motor Vehicles > Cars, Trucks & Vans"
1FM5K8GT0HGD73990,2017 Ford Explorer,"2017 Ford Explorer Sport SUV 4D. 103,126 milhas · V6, ECOBOOST, TT, 3.5L · 4WD · AUTOMATIC · cor White. Revisado, com garantia de motor e transmissão. Entregamos na porta. Financiamento disponível, sujeito a aprovação de crédito. Estoque 1FM5K8GT0HGD73990. Fale com o Eder no WhatsApp.",in stock,used,14898.00 USD,https://elitemotorsorlandofl.com/?carro=1FM5K8GT0HGD73990,https://imagescf.dealercenter.net/1024/768/202512-a7d66eb3e9004306b6c2f7c89533ae13.jpg,"https://imagescf.dealercenter.net/1024/768/202609-7eadbddebb904656b8e063aeecf67a53.jpg,https://imagescf.dealercenter.net/1024/768/202608-38ab59e6ac134f0ba531be9656637838.jpg,https://imagescf.dealercenter.net/1024/768/202608-30ca1bd184fe4f62bc8809936f9da656.jpg,https://imagescf.dealercenter.net/1024/768/202608-6593aaed338342b3a8f0180cf51bdec3.jpg,https://imagescf.dealercenter.net/1024/768/202609-f5a835bb5b81401f8191286a848ae9bb.jpg,https://imagescf.dealercenter.net/1024/768/202609-51f0531bfbf840858d2605355f46b984.jpg,https://imagescf.dealercenter.net/1024/768/202609-463e92bced464e78aef83816a9f75ced.jpg,https://imagescf.dealercenter.net/1024/768/202609-6a9f65f43ab948ef8109a90f37a81600.jpg,https://imagescf.dealercenter.net/1024/768/202606-828e75731c7b4480a423e4cf9f60f70b.jpg",Ford,"Vehicles & Parts > Vehicles > Motor Vehicles > Cars, Trucks & Vans"
551543,2021 Chrysler Voyager,"2021 Chrysler Voyager LXI Minivan 4D. 109,255 milhas · V6, 3.6 LITER · FWD · AUTOMATIC · cor Black. Revisado, com garantia de motor e transmissão. Entregamos na porta. Financiamento disponível, sujeito a aprovação de crédito. Estoque 551543. Fale com o Eder no WhatsApp.",in stock,used,12899.00 USD,https://elitemotorsorlandofl.com/?carro=551543,https://imagescf.dealercenter.net/1024/768/202605-411e54b5c0454e919cceed4906ccb6cd.jpg,"https://imagescf.dealercenter.net/1024/768/202605-6b10114336894ed092c87939ac6a0c99.jpg,https://imagescf.dealercenter.net/1024/768/202605-25a7230fafc1422db66843afdc109dd7.jpg,https://imagescf.dealercenter.net/1024/768/202605-500bc6a2d87c4e8dbdf082434209a13a.jpg,https://imagescf.dealercenter.net/1024/768/202605-5bea76f326c54f4ba0a70abdac4b1010.jpg,https://imagescf.dealercenter.net/1024/768/202605-ac299b8a48a248cf8650d97383e66f1c.jpg,https://imagescf.dealercenter.net/1024/768/202605-823842d38d6c4c638c7b44e09dbf0a9e.jpg,https://imagescf.dealercenter.net/1024/768/202605-cf782a181a9044f89cd80b211b8142c6.jpg,https://imagescf.dealercenter.net/1024/768/202605-5d08739da46842a69dd9aafe46f09cbc.jpg,https://imagescf.dealercenter.net/1024/768/202605-d08d9e83cf0d46c795670334c234d026.jpg",Chrysler,"Vehicles & Parts > Vehicles > Motor Vehicles > Cars, Trucks & Vans"
130324,2018 Ford Fusion,"2018 Ford Fusion SE Sedan 4D. 83,072 milhas · 4-CYL, ECOBOOST, TURBO, 1.5 LITER · FWD · AUTOMATIC · cor Silver. Revisado, com garantia de motor e transmissão. Entregamos na porta. Financiamento disponível, sujeito a aprovação de crédito. Estoque 130324. Fale com o Eder no WhatsApp.",in stock,used,12898.00 USD,https://elitemotorsorlandofl.com/?carro=130324,https://imagescf.dealercenter.net/1024/768/202609-bf3c69503d2242e1b42a6d4c0bca4014.jpg,"https://imagescf.dealercenter.net/1024/768/202609-316f117627d74730bede727c2b7625d0.jpg,https://imagescf.dealercenter.net/1024/768/202609-e69d1765e3ec44efb8bfd59a2a616cdf.jpg,https://imagescf.dealercenter.net/1024/768/202609-04a6dfdadcf145b09beb6df0106bbd0a.jpg,https://imagescf.dealercenter.net/1024/768/202609-6a7295ae2d2b48d3942dd444777a89c8.jpg,https://imagescf.dealercenter.net/1024/768/202609-9703b16c40c743d58b5a71d18c372e3c.jpg,https://imagescf.dealercenter.net/1024/768/202609-8740960043624e77ba3944972cc348a3.jpg,https://imagescf.dealercenter.net/1024/768/202609-635e9d58404841cabe8a2b54fba63088.jpg,https://imagescf.dealercenter.net/1024/768/202609-e5ab8c7462e34b989a9154c9a4135b57.jpg,https://imagescf.dealercenter.net/1024/768/202609-8bd16ca7ee7e438091b46f72d1054c7e.jpg",Ford,"Vehicles & Parts > Vehicles > Motor Vehicles > Cars, Trucks & Vans"
225012,2017 Hyundai Elantra,"2017 Hyundai Elantra SE Sedan 4D. 94,195 milhas · 4-CYL, 2.0 LITER · FWD · AUTOMATIC · cor Red. Revisado, com garantia de motor e transmissão. Entregamos na porta. Financiamento disponível, sujeito a aprovação de crédito. Estoque 225012. Fale com o Eder no WhatsApp.",in stock,used,9898.00 USD,https://elitemotorsorlandofl.com/?carro=225012,https://imagescf.dealercenter.net/1024/768/202609-9456e988749745cf930aadd4230bb66d.jpg,"https://imagescf.dealercenter.net/1024/768/202609-bea43bce764744d0ab97fbb0b566a848.jpg,https://imagescf.dealercenter.net/1024/768/202609-21b4a5a2bc324f979960ba77ed8aa159.jpg,https://imagescf.dealercenter.net/1024/768/202609-71d33c19c37249cd88fd25e23bf5e610.jpg,https://imagescf.dealercenter.net/1024/768/202609-daa63b4bb65a4abc8a65d6354806d09e.jpg,https://imagescf.dealercenter.net/1024/768/202609-b56c485075ff4d47904eb020b4310b73.jpg,https://imagescf.dealercenter.net/1024/768/202609-abee7a3fcf4243ca999cec5b6b4eedca.jpg,https://imagescf.dealercenter.net/1024/768/202609-096f2ded77db4988986c53df9f886cab.jpg,https://imagescf.dealercenter.net/1024/768/202609-6de2060d15ac432e87d6864919b3f1e2.jpg,https://imagescf.dealercenter.net/1024/768/202609-18b8fe8de0e34d88a2c40e90c5143a7c.jpg",Hyundai,"Vehicles & Parts > Vehicles > Motor Vehicles > Cars, Trucks & Vans"
TR526025,2020 Jeep Cherokee,"2020 Jeep Cherokee Latitude Plus Sport Utility 4D. 143,976 milhas · 4-CYL, ZERO EVAP, 2.4 LITER · 4WD · AUTOMATIC · cor Gray. Revisado, com garantia de motor e transmissão. Entregamos na porta. Financiamento disponível, sujeito a aprovação de crédito. Estoque TR526025. Fale com o Eder no WhatsApp.",in stock,used,9898.00 USD,https://elitemotorsorlandofl.com/?carro=TR526025,https://imagescf.dealercenter.net/1024/768/202609-f5a835bb5b81401f8191286a848ae9bb.jpg,"https://imagescf.dealercenter.net/1024/768/202609-0777b8793164442ba4a4a9b5b92798c7.jpg,https://imagescf.dealercenter.net/1024/768/202609-899836d58b8f45fcb8cd4f0d8110bdca.jpg,https://imagescf.dealercenter.net/1024/768/202609-87b15c6204fe480487552e9fda767a32.jpg,https://imagescf.dealercenter.net/1024/768/202609-b4b93e785e2f4941bf339e1df305884a.jpg,https://imagescf.dealercenter.net/1024/768/202609-0106a46ab62e4e8da8006e98f59b6def.jpg,https://imagescf.dealercenter.net/1024/768/202609-8b4ebc03239545458177a9df99721706.jpg,https://imagescf.dealercenter.net/1024/768/202609-cc5e6bc3c3714a8fbe0f16c220a68a8f.jpg,https://imagescf.dealercenter.net/1024/768/202609-f603af9af82e4e3eb22cde06db5cd08e.jpg,https://imagescf.dealercenter.net/1024/768/202609-7a8bb204af6749eaaca04f994029576c.jpg",Jeep,"Vehicles & Parts > Vehicles > Motor Vehicles > Cars, Trucks & Vans"
770413,2018 Nissan Rogue,"2018 Nissan Rogue S Sport Utility 4D. 134,600 milhas · 4-CYL, 2.5 LITER · FWD · AUTOMATIC · cor Black. Revisado, com garantia de motor e transmissão. Entregamos na porta. Financiamento disponível, sujeito a aprovação de crédito. Estoque 770413. Fale com o Eder no WhatsApp.",in stock,used,8898.00 USD,https://elitemotorsorlandofl.com/?carro=770413,https://imagescf.dealercenter.net/1024/768/202608-30ca1bd184fe4f62bc8809936f9da656.jpg,"https://imagescf.dealercenter.net/1024/768/202608-8b91951bee4d40daae6f5fa1ebcdf908.jpg,https://imagescf.dealercenter.net/1024/768/202608-085ff9313da24780a2baa3c0ade7ab50.jpg,https://imagescf.dealercenter.net/1024/768/202608-43e7ec5182864c0f87a0ff5147a8755c.jpg,https://imagescf.dealercenter.net/1024/768/202608-703dd9d23c774425b17c86e478d447db.jpg,https://imagescf.dealercenter.net/1024/768/202608-37b414c60a1749e6853ca58981f73722.jpg,https://imagescf.dealercenter.net/1024/768/202608-59e402ea40e048eaa8c8450e40584e7b.jpg,https://imagescf.dealercenter.net/1024/768/202608-4d5c4a1874f4487baa6b261f83cb5dc5.jpg,https://imagescf.dealercenter.net/1024/768/202608-08c6db577b9a4c55b022dac1986b9816.jpg,https://imagescf.dealercenter.net/1024/768/202608-79e5c294912d4512b57f6c0112a94fa5.jpg",Nissan,"Vehicles & Parts > Vehicles > Motor Vehicles > Cars, Trucks & Vans"
H40261,2015 BMW X5,"2015 BMW X5 sDrive35i Sport Utility 4D. 140,800 milhas · 6-CYL, TURBO, 3.0 LITER · RWD · AUTOMATIC · cor White. Revisado, com garantia de motor e transmissão. Entregamos na porta. Financiamento disponível, sujeito a aprovação de crédito. Estoque H40261. Fale com o Eder no WhatsApp.",in stock,used,8898.00 USD,https://elitemotorsorlandofl.com/?carro=H40261,https://imagescf.dealercenter.net/1024/768/202608-38ab59e6ac134f0ba531be9656637838.jpg,"https://imagescf.dealercenter.net/1024/768/202608-417f1c22dbf044b18071439a5af9275f.jpg,https://imagescf.dealercenter.net/1024/768/202608-7b00adc5993b4d678a163f6488867154.jpg,https://imagescf.dealercenter.net/1024/768/202608-7d5c46a626164b1db1a38ce3902cce18.jpg,https://imagescf.dealercenter.net/1024/768/202608-b27ece7999e5470ab81bf2e8f1fe3dbd.jpg,https://imagescf.dealercenter.net/1024/768/202608-db60bec32ca84861b0231c16aee747cf.jpg,https://imagescf.dealercenter.net/1024/768/202608-39b349896a804dc0a464515f27ad5581.jpg,https://imagescf.dealercenter.net/1024/768/202608-c5047e4624c243fabb8a2cab44b1fc80.jpg,https://imagescf.dealercenter.net/1024/768/202608-b1249f9e60cc4898bb562b6dba29a0d5.jpg,https://imagescf.dealercenter.net/1024/768/202608-6905560da882445eacd876e82b1c898c.jpg",BMW,"Vehicles & Parts > Vehicles > Motor Vehicles > Cars, Trucks & Vans"
TR005826,2016 Honda Fit,"2016 Honda Fit EX Hatchback 4D. 181,331 milhas · 4-CYL, I-VTEC, 1.5 LITER · FWD · AUTOMATIC · cor Silver. Revisado, com garantia de motor e transmissão. Entregamos na porta. Financiamento disponível, sujeito a aprovação de crédito. Estoque TR005826. Fale com o Eder no WhatsApp.",in stock,used,8898.00 USD,https://elitemotorsorlandofl.com/?carro=TR005826,https://imagescf.dealercenter.net/1024/768/202609-6aef07212428405ca19abc935b8a681d.jpg,"https://imagescf.dealercenter.net/1024/768/202609-f53a1aef7d8a4ad7afc8046a51db4773.jpg,https://imagescf.dealercenter.net/1024/768/202609-6da4f24000744677a0ff70e15e9d93ee.jpg,https://imagescf.dealercenter.net/1024/768/202609-72ddadc22304471e942ba29d8ca18467.jpg,https://imagescf.dealercenter.net/1024/768/202609-e1f8c07d81ce4cdca996825ce16f3be9.jpg,https://imagescf.dealercenter.net/1024/768/202609-f0a808e515c4466e897c1164c0b4bdef.jpg,https://imagescf.dealercenter.net/1024/768/202609-9752691e83bb47b49d2f73db7b0dddef.jpg,https://imagescf.dealercenter.net/1024/768/202609-52476f05bb114c56a5987878e272deb4.jpg,https://imagescf.dealercenter.net/1024/768/202609-72a4b51711d548feacae5909318323c3.jpg,https://imagescf.dealercenter.net/1024/768/202609-6a1b141381e1446d9269e78eb2909ab2.jpg",Honda,"Vehicles & Parts > Vehicles > Motor Vehicles > Cars, Trucks & Vans"
1FTNE2EW1BDA93722,2011 Ford E250 Cargo,"2011 Ford E250 Cargo Van 3D. 261,469 milhas · V8, FLEX FUEL, 4.6 LITER · RWD · AUTOMATIC · cor -. Revisado, com garantia de motor e transmissão. Entregamos na porta. Financiamento disponível, sujeito a aprovação de crédito. Estoque 1FTNE2EW1BDA93722. Fale com o Eder no WhatsApp.",in stock,used,6898.00 USD,https://elitemotorsorlandofl.com/?carro=1FTNE2EW1BDA93722,https://imagescf.dealercenter.net/1024/768/202512-a7d66eb3e9004306b6c2f7c89533ae13.jpg,"https://imagescf.dealercenter.net/1024/768/202609-960f16b251e3432d8969a312a695d6bf.jpg,https://imagescf.dealercenter.net/1024/768/202603-0d57422c3f5449b9b1496b5f16b210e1.jpg,https://imagescf.dealercenter.net/1024/768/202608-fb3643abc8c04ce388c4e43bcfa7cea9.jpg,https://imagescf.dealercenter.net/1024/768/202608-a24bcb1bc5aa4c03ad20e01ce8f4cea4.jpg",Ford,"Vehicles & Parts > Vehicles > Motor Vehicles > Cars, Trucks & Vans"
